client_id,accuracy,precision,recall,f1
client_df1_downsampled,0.8035714285714286,0.6410256410256411,0.9943181818181818,0.779510022271715
client_df2_downsampled,0.739938080495356,0.8175895765472313,0.7819314641744548,0.7993630573248408
client_df3_downsampled,0.9553695955369595,0.9795918367346939,0.9307479224376731,0.9545454545454546
client_df4_downsampled,0.8477822580645161,0.7688751926040062,0.998,0.8685813751087903
client_df5_downsampled,0.9127789046653144,1.0,0.8683001531393568,0.9295081967213115
