client_id,accuracy,precision,recall,f1
client_df1_downsampled,0.873015873015873,0.7456140350877193,0.9659090909090909,0.8415841584158416
client_df2_downsampled,0.7835051546391752,0.9090909090909091,0.7476635514018691,0.8205128205128205
client_df3_downsampled,0.9637883008356546,0.9772727272727273,0.9502762430939227,0.9635854341736695
client_df4_downsampled,0.9032258064516129,0.8389261744966443,1.0,0.9124087591240876
client_df5_downsampled,0.9188640973630832,1.0,0.8773006134969326,0.934640522875817
